Variable,Chi-Square,P-Value,Cramers_V,Significant
Age,21.899946343402227,0.001262471488115438,0.33257448731546224,True
Gender,1.2201950154038705,0.7481648991960186,0.1110189271061321,False
Annual_Income,14.122163624070321,0.11804550788606906,0.2180581859770856,False
Family_Type,3.7431742508324084,0.7113847078015265,0.13749516521954339,False
Devices_Owned,4.327978354263053,0.888531069236744,0.1207158551770288,False
Study_Hours,10.101286764705883,0.3423479118721931,0.18442089509551582,False
