Variable,Coefficient
Age,0.2626792556258071
Gender,0.07450041311948821
Annual_Income,-0.023589848896003608
Family_Type,0.07952026762556191
Devices_Owned,-0.033620478028689955
Study_Hours,-0.02442789297725724
